{
   "packages": [
      {
         "name": "esp8266",
         "maintainer": "ESP8266 Community",
         "websiteURL": "https://github.com/esp8266/Arduino",
         "email": "ivan@esp8266.com",
         "help": {
            "online": "https://esp8266.com/arduino"
         },
         "platforms": [
            {
               "category": "ESP8266",
               "name": "esp8266",
               "url": "",
               "version": "",
               "architecture": "esp8266",
               "archiveFileName": "",
               "boards": [
                  {
                     "name": "Generic ESP8266 Module"
                  },
                  {
                     "name": "Generic ESP8285 Module"
                  },
                  {
                     "name": "ESPDuino (ESP-13 Module)"
                  },
                  {
                     "name": "Adafruit Feather HUZZAH ESP8266"
                  },
                  {
                     "name": "Invent One"
                  },
                  {
                     "name": "XinaBox CW01"
                  },
                  {
                     "name": "ESPresso Lite 1.0"
                  },
                  {
                     "name": "ESPresso Lite 2.0"
                  },
                  {
                     "name": "Phoenix 1.0"
                  },
                  {
                     "name": "Phoenix 2.0"
                  },
                  {
                     "name": "NodeMCU 0.9 (ESP-12 Module)"
                  },
                  {
                     "name": "NodeMCU 1.0 (ESP-12E Module)"
                  },
                  {
                     "name": "Olimex MOD-WIFI-ESP8266(-DEV)"
                  },
                  {
                     "name": "SparkFun ESP8266 Thing"
                  },
                  {
                     "name": "SparkFun ESP8266 Thing Dev"
                  },
                  {
                     "name": "SparkFun Blynk Board"
                  },
                  {
                     "name": "SweetPea ESP-210"
                  },
                  {
                     "name": "LOLIN(WEMOS) D1 R2 & mini"
                  },
                  {
                     "name": "LOLIN(WEMOS) D1 mini Pro"
                  },
                  {
                     "name": "LOLIN(WEMOS) D1 mini Lite"
                  },
                  {
                     "name": "LOLIN(WeMos) D1 R1"
                  },
                  {
                     "name": "ESPino (ESP-12 Module)"
                  },
                  {
                     "name": "ThaiEasyElec's ESPino"
                  },
                  {
                     "name": "WifInfo"
                  },
                  {
                     "name": "Arduino"
                  },
                  {
                     "name": "4D Systems gen4 IoD Range"
                  },
                  {
                     "name": "Digistump Oak"
                  },
                  {
                     "name": "WiFiduino"
                  },
                  {
                     "name": "Amperka WiFi Slot"
                  },
                  {
                     "name": "Seeed Wio Link"
                  },
                  {
                     "name": "ESPectro Core"
                  },
                  {
                     "name": "Schirmilabs Eduino WiFi"
                  },
                  {
                     "name": "ITEAD Sonoff"
                  },
                  {
                     "name": "DOIT ESP-Mx DevKit (ESP8285)"
                  }
               ],
               "toolsDependencies": [
                  {
                     "packager": "esp8266",
                     "version": "3.0.0-newlib4.0.0-gnu21-dba3cc8",
                     "name": "xtensa-lx106-elf-gcc"
                  },
                  {
                     "packager": "esp8266",
                     "version": "3.0.0-newlib4.0.0-gnu21-dba3cc8",
                     "name": "mkspiffs"
                  },
                  {
                     "packager": "esp8266",
                     "version": "3.7.2-post1",
                     "name": "python3"
                  }
               ],
               "help": {
                  "online": ""
               }
            }
         ],
         "tools": [
            {
               "version": "3.7.2-post1",
               "name": "python3",
               "systems": [
                  {
                     "host": "x86_64-mingw32",
                     "url": "https://github.com/earlephilhower/esp-quick-toolchain/releases/download/2.5.0-4/python3-3.7.2.post1-embed-win32v2a.zip",
                     "archiveFileName": "python3-3.7.2.post1-embed-win32v2a.zip",
                     "checksum": "SHA-256:f57cb2daf86176d2929e7c58990c2ac32554e3219d454dcac10e464ddda35bf2",
                     "size": "6428926"
                  },
                  {
                     "host": "i686-mingw32",
                     "url": "https://github.com/earlephilhower/esp-quick-toolchain/releases/download/2.5.0-4/python3-3.7.2.post1-embed-win32v2a.zip",
                     "archiveFileName": "python3-3.7.2.post1-embed-win32va2.zip",
                     "checksum": "SHA-256:f57cb2daf86176d2929e7c58990c2ac32554e3219d454dcac10e464ddda35bf2",
                     "size": "6428926"
                  },
                  {
                     "host": "aarch64-linux-gnu",
                     "url": "https://github.com/earlephilhower/esp-quick-toolchain/releases/download/2.5.0-4/python3-via-env.tar.gz",
                     "archiveFileName": "python3-via-env.tar.gz",
                     "checksum": "SHA-256:c9237bfe0f62842d7187a39495baa4a7e3ab8b87c0b433614294b023cf0bc0f3",
                     "size": "292"
                  },
                  {
                     "host": "arm-linux-gnueabihf",
                     "url": "https://github.com/earlephilhower/esp-quick-toolchain/releases/download/2.5.0-4/python3-via-env.tar.gz",
                     "archiveFileName": "python3-via-env.tar.gz",
                     "checksum": "SHA-256:c9237bfe0f62842d7187a39495baa4a7e3ab8b87c0b433614294b023cf0bc0f3",
                     "size": "292"
                  },
                  {
                     "host": "i686-pc-linux-gnu",
                     "url": "https://github.com/earlephilhower/esp-quick-toolchain/releases/download/2.5.0-4/python3-via-env.tar.gz",
                     "archiveFileName": "python3-via-env.tar.gz",
                     "checksum": "SHA-256:c9237bfe0f62842d7187a39495baa4a7e3ab8b87c0b433614294b023cf0bc0f3",
                     "size": "292"
                  },
                  {
                     "host": "x86_64-apple-darwin",
                     "url": "https://github.com/earlephilhower/esp-quick-toolchain/releases/download/2.5.0-4/python3-macosx-portable.tar.gz",
                     "archiveFileName": "python3-macosx-portable.tar.gz",
                     "checksum": "SHA-256:01a5bf1fa264c6f04cfaadf4c6e9f6caaacb6833ef40104dfbe953fcdb9bca1c",
                     "size": "25494144"
                  },
                  {
                     "host": "x86_64-pc-linux-gnu",
                     "url": "https://github.com/earlephilhower/esp-quick-toolchain/releases/download/2.5.0-4/python3-via-env.tar.gz",
                     "archiveFileName": "python3-via-env.tar.gz",
                     "checksum": "SHA-256:c9237bfe0f62842d7187a39495baa4a7e3ab8b87c0b433614294b023cf0bc0f3",
                     "size": "292"
                  }
               ]
            },
            {
               "version": "3.0.0-newlib4.0.0-gnu21-dba3cc8",
               "name": "xtensa-lx106-elf-gcc",
               "systems": [
                  {
                     "host": "aarch64-linux-gnu",
                     "url": "https://github.com/earlephilhower/esp-quick-toolchain/releases/download/3.0.0-newlib4.0.0-gnu21/aarch64-linux-gnu.xtensa-lx106-elf-dba3cc8.201223.tar.gz",
                     "archiveFileName": "aarch64-linux-gnu.xtensa-lx106-elf-dba3cc8.201223.tar.gz",
                     "checksum": "SHA-256:fa6278eda34ec18fb7cbc3fb1b76f559a4a18bd6c817b795f6c8807f7cd181bc",
                     "size": "71018486"
                  },
                  {
                     "host": "arm-linux-gnueabihf",
                     "url": "https://github.com/earlephilhower/esp-quick-toolchain/releases/download/3.0.0-newlib4.0.0-gnu21/arm-linux-gnueabihf.xtensa-lx106-elf-dba3cc8.201223.tar.gz",
                     "archiveFileName": "arm-linux-gnueabihf.xtensa-lx106-elf-dba3cc8.201223.tar.gz",
                     "checksum": "SHA-256:87eccbeb735ece0e8eb45c060007ef906ac1975589259854a325f9f3911c9923",
                     "size": "67098909"
                  },
                  {
                     "host": "i686-pc-linux-gnu",
                     "url": "https://github.com/earlephilhower/esp-quick-toolchain/releases/download/3.0.0-newlib4.0.0-gnu21/i686-linux-gnu.xtensa-lx106-elf-dba3cc8.201223.tar.gz",
                     "archiveFileName": "i686-linux-gnu.xtensa-lx106-elf-dba3cc8.201223.tar.gz",
                     "checksum": "SHA-256:fc267621440e0a0f91c89a44edd604b07bec38bdcb7bcdda687a160d9397f04a",
                     "size": "74193717"
                  },
                  {
                     "host": "i686-mingw32",
                     "url": "https://github.com/earlephilhower/esp-quick-toolchain/releases/download/3.0.0-newlib4.0.0-gnu21/i686-w64-mingw32.xtensa-lx106-elf-dba3cc8.201223.zip",
                     "archiveFileName": "i686-w64-mingw32.xtensa-lx106-elf-dba3cc8.201223.zip",
                     "checksum": "SHA-256:c909331865ec15a822300763e159fe183e7cd89a47e9283abb5d1fb0fcdeaf50",
                     "size": "71433726"
                  },
                  {
                     "host": "x86_64-apple-darwin",
                     "url": "https://github.com/earlephilhower/esp-quick-toolchain/releases/download/3.0.0-newlib4.0.0-gnu21/x86_64-apple-darwin14.xtensa-lx106-elf-dba3cc8.201223.tar.gz",
                     "archiveFileName": "x86_64-apple-darwin14.xtensa-lx106-elf-dba3cc8.201223.tar.gz",
                     "checksum": "SHA-256:e193490e343c7d1c0222af6a1b961e26683367fd07bc49ee471b7c98298ce0ca",
                     "size": "75617500"
                  },
                  {
                     "host": "x86_64-pc-linux-gnu",
                     "url": "https://github.com/earlephilhower/esp-quick-toolchain/releases/download/3.0.0-newlib4.0.0-gnu21/x86_64-linux-gnu.xtensa-lx106-elf-dba3cc8.201223.tar.gz",
                     "archiveFileName": "x86_64-linux-gnu.xtensa-lx106-elf-dba3cc8.201223.tar.gz",
                     "checksum": "SHA-256:356f6ac8bd8e241731a6b4bad17811f80d6ccfb9c479f8cf6128fb80152f2037",
                     "size": "74719337"
                  },
                  {
                     "host": "x86_64-mingw32",
                     "url": "https://github.com/earlephilhower/esp-quick-toolchain/releases/download/3.0.0-newlib4.0.0-gnu21/x86_64-w64-mingw32.xtensa-lx106-elf-dba3cc8.201223.zip",
                     "archiveFileName": "x86_64-w64-mingw32.xtensa-lx106-elf-dba3cc8.201223.zip",
                     "checksum": "SHA-256:56af2a313aa0b707d4308350b36bd6d112f98bfb8c22fe118dff9b27092f06ac",
                     "size": "75406203"
                  }
               ]
            },
            {
               "version": "3.0.0-newlib4.0.0-gnu21-dba3cc8",
               "name": "mkspiffs",
               "systems": [
                  {
                     "host": "aarch64-linux-gnu",
                     "url": "https://github.com/earlephilhower/esp-quick-toolchain/releases/download/3.0.0-newlib4.0.0-gnu21/aarch64-linux-gnu.mkspiffs-7fefeac.201223.tar.gz",
                     "archiveFileName": "aarch64-linux-gnu.mkspiffs-7fefeac.201223.tar.gz",
                     "checksum": "SHA-256:d2875219d38e176e03c6c1c96136dbc18a99f15e7de5e1bd08938ca8235a7bd8",
                     "size": "51258"
                  },
                  {
                     "host": "arm-linux-gnueabihf",
                     "url": "https://github.com/earlephilhower/esp-quick-toolchain/releases/download/3.0.0-newlib4.0.0-gnu21/arm-linux-gnueabihf.mkspiffs-7fefeac.201223.tar.gz",
                     "archiveFileName": "arm-linux-gnueabihf.mkspiffs-7fefeac.201223.tar.gz",
                     "checksum": "SHA-256:20a19854e6b38220caa283fc0c9b0c3134474215899c05df68c11dabe85b0952",
                     "size": "44270"
                  },
                  {
                     "host": "i686-pc-linux-gnu",
                     "url": "https://github.com/earlephilhower/esp-quick-toolchain/releases/download/3.0.0-newlib4.0.0-gnu21/i686-linux-gnu.mkspiffs-7fefeac.201223.tar.gz",
                     "archiveFileName": "i686-linux-gnu.mkspiffs-7fefeac.201223.tar.gz",
                     "checksum": "SHA-256:43534ee2575a2d3ab895a2367f79ceed7e90e68cf6790106b91cdfb2eada34c8",
                     "size": "54516"
                  },
                  {
                     "host": "i686-mingw32",
                     "url": "https://github.com/earlephilhower/esp-quick-toolchain/releases/download/3.0.0-newlib4.0.0-gnu21/i686-w64-mingw32.mkspiffs-7fefeac.201223.zip",
                     "archiveFileName": "i686-w64-mingw32.mkspiffs-7fefeac.201223.zip",
                     "checksum": "SHA-256:0f98fa50195f1523504021f793f4947fbc5e064f701308299ce4e67de22a8c6c",
                     "size": "338192"
                  },
                  {
                     "host": "x86_64-apple-darwin",
                     "url": "https://github.com/earlephilhower/esp-quick-toolchain/releases/download/3.0.0-newlib4.0.0-gnu21/x86_64-apple-darwin14.mkspiffs-7fefeac.201223.tar.gz",
                     "archiveFileName": "x86_64-apple-darwin14.mkspiffs-7fefeac.201223.tar.gz",
                     "checksum": "SHA-256:4807b03e1e9a4dee01acf9a0da37c3914983baf20e303fd2c2ae896a435af8b2",
                     "size": "368776"
                  },
                  {
                     "host": "x86_64-pc-linux-gnu",
                     "url": "https://github.com/earlephilhower/esp-quick-toolchain/releases/download/3.0.0-newlib4.0.0-gnu21/x86_64-linux-gnu.mkspiffs-7fefeac.201223.tar.gz",
                     "archiveFileName": "x86_64-linux-gnu.mkspiffs-7fefeac.201223.tar.gz",
                     "checksum": "SHA-256:2139296513ce2449e602dfca690116580ce90d24e65da7361745f0030af0005b",
                     "size": "52647"
                  },
                  {
                     "host": "x86_64-mingw32",
                     "url": "https://github.com/earlephilhower/esp-quick-toolchain/releases/download/3.0.0-newlib4.0.0-gnu21/x86_64-w64-mingw32.mkspiffs-7fefeac.201223.zip",
                     "archiveFileName": "x86_64-w64-mingw32.mkspiffs-7fefeac.201223.zip",
                     "checksum": "SHA-256:9d58e0220356066ef912eef3ce2362d2b1ab1618c8379b4a01809c37120655e6",
                     "size": "350354"
                  }
               ]
            },
            {
               "version": "3.0.0-newlib4.0.0-gnu21-dba3cc8",
               "name": "mklittlefs",
               "systems": [
                  {
                     "host": "aarch64-linux-gnu",
                     "url": "https://github.com/earlephilhower/esp-quick-toolchain/releases/download/3.0.0-newlib4.0.0-gnu21/aarch64-linux-gnu.mklittlefs-6b5c62d.201223.tar.gz",
                     "archiveFileName": "aarch64-linux-gnu.mklittlefs-6b5c62d.201223.tar.gz",
                     "checksum": "SHA-256:ff3b6559bcfb56bb0e20abd0297cb61e010667ef9ac8a1e7aad6a94ff8a32684",
                     "size": "44788"
                  },
                  {
                     "host": "arm-linux-gnueabihf",
                     "url": "https://github.com/earlephilhower/esp-quick-toolchain/releases/download/3.0.0-newlib4.0.0-gnu21/arm-linux-gnueabihf.mklittlefs-6b5c62d.201223.tar.gz",
                     "archiveFileName": "arm-linux-gnueabihf.mklittlefs-6b5c62d.201223.tar.gz",
                     "checksum": "SHA-256:f85dc41964321e4c1cf73118cbe255e6b852b58edef994beab220a6d1f8d3015",
                     "size": "37331"
                  },
                  {
                     "host": "i686-pc-linux-gnu",
                     "url": "https://github.com/earlephilhower/esp-quick-toolchain/releases/download/3.0.0-newlib4.0.0-gnu21/i686-linux-gnu.mklittlefs-6b5c62d.201223.tar.gz",
                     "archiveFileName": "i686-linux-gnu.mklittlefs-6b5c62d.201223.tar.gz",
                     "checksum": "SHA-256:b909bbc0b9edba9f0db6ed19f5bcc5d7c614665e2b56b107cc9e9316673ba91c",
                     "size": "48242"
                  },
                  {
                     "host": "i686-mingw32",
                     "url": "https://github.com/earlephilhower/esp-quick-toolchain/releases/download/3.0.0-newlib4.0.0-gnu21/i686-w64-mingw32.mklittlefs-6b5c62d.201223.zip",
                     "archiveFileName": "i686-w64-mingw32.mklittlefs-6b5c62d.201223.zip",
                     "checksum": "SHA-256:ec22bd21c4e5420d67dfdd014eec4b24342b575a097ef79d8e0eed05762e31e3",
                     "size": "332804"
                  },
                  {
                     "host": "x86_64-apple-darwin",
                     "url": "https://github.com/earlephilhower/esp-quick-toolchain/releases/download/3.0.0-newlib4.0.0-gnu21/x86_64-apple-darwin14.mklittlefs-6b5c62d.201223.tar.gz",
                     "archiveFileName": "x86_64-apple-darwin14.mklittlefs-6b5c62d.201223.tar.gz",
                     "checksum": "SHA-256:8735f6c2bdf5788c6238842bf41f2a35eac807fd55009f51f2659d2b11b1aa3c",
                     "size": "362805"
                  },
                  {
                     "host": "x86_64-pc-linux-gnu",
                     "url": "https://github.com/earlephilhower/esp-quick-toolchain/releases/download/3.0.0-newlib4.0.0-gnu21/x86_64-linux-gnu.mklittlefs-6b5c62d.201223.tar.gz",
                     "archiveFileName": "x86_64-linux-gnu.mklittlefs-6b5c62d.201223.tar.gz",
                     "checksum": "SHA-256:e11216bef3f85504d030762c390bc974a31d721063d4b001c03f0b03034df545",
                     "size": "46920"
                  },
                  {
                     "host": "x86_64-mingw32",
                     "url": "https://github.com/earlephilhower/esp-quick-toolchain/releases/download/3.0.0-newlib4.0.0-gnu21/x86_64-w64-mingw32.mklittlefs-6b5c62d.201223.zip",
                     "archiveFileName": "x86_64-w64-mingw32.mklittlefs-6b5c62d.201223.zip",
                     "checksum": "SHA-256:57311851b8c8710ea747f608f5a728d5e88e75355f0a644e6a93d05797d983a3",
                     "size": "345249"
                  }
               ]
            }
         ]
      }
   ]
}